{"cameraMode":{"drawMode":0,"name":"Shaded","section":"Shading Mode"},"sceneLighting":true,"audioPlay":false,"sceneViewState":{"m_AlwaysRefresh":false,"showFog":true,"showSkybox":true,"showFlares":true,"showImageEffects":true,"showParticleSystems":true,"showVisualEffectGraphs":true,"m_FxEnabled":true},"in2DMode":false,"pivot":{"x":-1.1031746864318848,"y":1.3132033348083497,"z":1.1192655563354493},"rotation":{"x":0.18599170446395875,"y":0.30272772908210757,"z":-0.060362350195646289,"w":0.9328040480613709},"size":2.9469776153564455,"orthographic":true}