{"cameraMode":{"drawMode":0,"name":"Shaded","section":"Shading Mode"},"sceneLighting":true,"audioPlay":false,"sceneViewState":{"m_AlwaysRefresh":false,"showFog":true,"showSkybox":true,"showFlares":true,"showImageEffects":true,"showParticleSystems":true,"showVisualEffectGraphs":true,"m_FxEnabled":true},"in2DMode":false,"pivot":{"x":409.6790771484375,"y":1458.0177001953125,"z":-65.4856185913086},"rotation":{"x":-0.046470582485198978,"y":-0.023676268756389619,"z":-0.0011015862692147494,"w":0.9986397624015808},"size":808.56103515625,"orthographic":true}