{"cameraMode":{"drawMode":0,"name":"Shaded","section":"Shading Mode"},"sceneLighting":true,"audioPlay":false,"sceneViewState":{"m_AlwaysRefresh":false,"showFog":true,"showSkybox":true,"showFlares":true,"showImageEffects":true,"showParticleSystems":true,"showVisualEffectGraphs":true,"m_FxEnabled":true},"in2DMode":false,"pivot":{"x":-0.052721261978149417,"y":1.1699962615966797,"z":0.6197090148925781},"rotation":{"x":0.20817196369171143,"y":0.3177480399608612,"z":-0.0717221200466156,"w":0.9222574830055237},"size":3.7300851345062258,"orthographic":true}