{"cameraMode":{"drawMode":0,"name":"Shaded","section":"Shading Mode"},"sceneLighting":true,"audioPlay":false,"sceneViewState":{"m_AlwaysRefresh":false,"showFog":true,"showSkybox":true,"showFlares":true,"showImageEffects":true,"showParticleSystems":true,"showVisualEffectGraphs":true,"m_FxEnabled":true},"in2DMode":false,"pivot":{"x":476.4567565917969,"y":351.4852600097656,"z":62.8885498046875},"rotation":{"x":-0.046470582485198978,"y":-0.023676268756389619,"z":-0.0011015862692147494,"w":0.9986397624015808},"size":693.8440551757813,"orthographic":true}