{"cameraMode":{"drawMode":0,"name":"Shaded","section":"Shading Mode"},"sceneLighting":true,"audioPlay":false,"sceneViewState":{"m_AlwaysRefresh":false,"showFog":true,"showSkybox":true,"showFlares":true,"showImageEffects":true,"showParticleSystems":true,"showVisualEffectGraphs":true,"m_FxEnabled":true},"in2DMode":false,"pivot":{"x":-0.10643954575061798,"y":0.6692378520965576,"z":0.15048973262310029},"rotation":{"x":0.1783771514892578,"y":0.3665451109409332,"z":-0.07182502001523972,"w":0.9103118181228638},"size":2.157625436782837,"orthographic":true}